<?xml version="1.0" encoding="UTF-8" standalone="no"?><flow-definition plugin="workflow-job@2.36">
<description/>
<keepDependencies>false</keepDependencies>
<properties>
<hudson.plugins.jira.JiraProjectProperty plugin="jira@3.0.12"/>
<EnvInjectJobProperty plugin="envinject@2.3.0">
<info>
<secureGroovyScript plugin="script-security@1.69">
<script/>
<sandbox>false</sandbox>
</secureGroovyScript>
<loadFilesFromMaster>false</loadFilesFromMaster>
</info>
<on>true</on>
<keepJenkinsSystemVariables>true</keepJenkinsSystemVariables>
<keepBuildVariables>true</keepBuildVariables>
<overrideBuildParameters>false</overrideBuildParameters>
</EnvInjectJobProperty>
</properties>
<definition class="org.jenkinsci.plugins.workflow.cps.CpsScmFlowDefinition" plugin="workflow-cps@2.80">
<scm class="hudson.plugins.git.GitSCM" plugin="git@4.1.1">
<configVersion>2</configVersion>
<userRemoteConfigs>
<hudson.plugins.git.UserRemoteConfig>
<url>svngit@cneopsvm01:devops.git</url>
<credentialsId>svn</credentialsId>
</hudson.plugins.git.UserRemoteConfig>
</userRemoteConfigs>
<branches>
<hudson.plugins.git.BranchSpec>
<name>*/master</name>
</hudson.plugins.git.BranchSpec>
</branches>
<doGenerateSubmoduleConfigurations>false</doGenerateSubmoduleConfigurations>
<submoduleCfg class="list"/>
<extensions/>
</scm>
<scriptPath>Jenkins/main/jenkins_cicd_pipeline.jenkinsfile</scriptPath>
<lightweight>true</lightweight>
</definition>
<triggers/>
<disabled>false</disabled>
</flow-definition>