
<flow-definition plugin="workflow-job@2.36">
<actions>
<org.jenkinsci.plugins.pipeline.modeldefinition.actions.DeclarativeJobAction plugin="pipeline-model-definition@1.5.0"/>
<org.jenkinsci.plugins.pipeline.modeldefinition.actions.DeclarativeJobPropertyTrackerAction plugin="pipeline-model-definition@1.5.0">
<jobProperties/>
<triggers/>
<parameters/>
<options/>
</org.jenkinsci.plugins.pipeline.modeldefinition.actions.DeclarativeJobPropertyTrackerAction>
</actions>
<description>
Pipeline to deploy Kube Monitoring Solution to requested namespace.
</description>
<keepDependencies>false</keepDependencies>
<properties>
<hudson.plugins.jira.JiraProjectProperty plugin="jira@3.0.12"/>
<EnvInjectJobProperty plugin="envinject@2.3.0">
<info>
<propertiesContent>
#env variables
ENV_PATH=/home/devops/bin:/usr/local/bin:/bin:/usr/bin:/usr/local/sbin:/usr/sbin:/home/devops/.local/bin:/home/devops/bin:/usr/lib/jvm/java-1.8.0-openjdk:/u01/installables/apache-maven/bin:/u01/installables/sonar-scanner/bin:/u01/installables/sonarqube-7.6/bin

#kube variables
CREDENTIALS_ID=token-kube
KUBE_URL=https://130.35.2.134:6443
KUBE_NS=kube-monitoring

</propertiesContent>
<secureGroovyScript plugin="script-security@1.69">
<script/>
<sandbox>false</sandbox>
</secureGroovyScript>
<loadFilesFromMaster>false</loadFilesFromMaster>
</info>
<on>true</on>
<keepJenkinsSystemVariables>true</keepJenkinsSystemVariables>
<keepBuildVariables>true</keepBuildVariables>
<overrideBuildParameters>false</overrideBuildParameters>
</EnvInjectJobProperty>
</properties>
<definition class="org.jenkinsci.plugins.workflow.cps.CpsScmFlowDefinition" plugin="workflow-cps@2.80">
<scm class="hudson.plugins.git.GitSCM" plugin="git@4.1.1">
<configVersion>2</configVersion>
<userRemoteConfigs>
<hudson.plugins.git.UserRemoteConfig>
<url>svngit@cneopsvm01:devops.git</url>
<credentialsId>svn</credentialsId>
</hudson.plugins.git.UserRemoteConfig>
</userRemoteConfigs>
<branches>
<hudson.plugins.git.BranchSpec>
<name>*/master</name>
</hudson.plugins.git.BranchSpec>
</branches>
<doGenerateSubmoduleConfigurations>false</doGenerateSubmoduleConfigurations>
<submoduleCfg class="list"/>
<extensions>
<hudson.plugins.git.extensions.impl.CheckoutOption>
<timeout>3</timeout>
</hudson.plugins.git.extensions.impl.CheckoutOption>
</extensions>
</scm>
<scriptPath>kube-monitoring/Jenkinsfile</scriptPath>
<lightweight>true</lightweight>
</definition>
<triggers/>
<disabled>false</disabled>
</flow-definition>